title,genres,spoken_languages,production_countries,web_url,snippet,source,keywords,pub_date,word_count,headline.main,headline.print_headline,byline.original
The Attachment Diaries,"Drama, Mystery, Thriller, Horror",Spanish,Argentina,https://www.nytimes.com/2023/05/25/movies/the-attachment-diaries-review.html,"A gynecologist and her patient form a horrifyingly twisted connection in this batty, bloody Argentine melodrama.",The New York Times,"name: subject, value: Movies, rank: 1, major: N, name: creative_works, value: The Attachment Diaries (Movie), rank: 2, major: N, name: persons, value: Diment, Valentin Javier, rank: 3, major: N",2023-05-25T11:00:03+0000,295,"‘The Attachment Diaries’ Review: Love, Sick",The Attachment Diaries,By Jeannette Catsoulis
You Can Live Forever,"Drama, Romance","French, English",Canada,https://www.nytimes.com/2023/05/04/movies/you-can-live-forever-review.html,Religion comes between two girls falling in love in the 1990s in this sweet coming-of-age film bathed in grunge hues.,The New York Times,"name: subject, value: Movies, rank: 1, major: N, name: creative_works, value: You Can Live Forever (Movie), rank: 2, major: N, name: persons, value: Slutsky, Mark, rank: 3, major: N, name: persons, value: Watts, Sarah (Film Director), rank: 4, major: N, name: persons, value: ODriscoll, Anwen, rank: 5, major: N, name: persons, value: Laporte, June (Actor), rank: 6, major: N",2023-05-04T11:00:08+0000,294,‘You Can Live Forever’ Review: Do You Love Me Now?,You Can Live Forever,By Elisabeth Vincentelli
One True Loves,"Romance, Drama, Comedy",English,"Germany, United States of America",https://www.nytimes.com/2023/04/13/movies/one-true-loves-movie-review.html,"A film adaptation of Taylor Jenkins Reid’s novel has potential for drama, but it stumbles on stock melodrama.",The New York Times,"name: subject, value: Movies, rank: 1, major: N, name: persons, value: Bracey, Luke (1989- ), rank: 2, major: N, name: persons, value: Liu, Simu, rank: 3, major: N, name: persons, value: Reid, Taylor Jenkins, rank: 4, major: N, name: persons, value: Soo, Phillipa, rank: 5, major: N, name: persons, value: Fickman, Andy, rank: 6, major: N, name: creative_works, value: One True Loves (Movie), rank: 7, major: N",2023-04-13T11:00:06+0000,320,‘One True Loves’ Review: A Romance Lost at Sea,One True Loves,By Brandon Yu
The Lost Weekend: A Love Story,Documentary,English,United States of America,https://www.nytimes.com/2023/04/13/movies/the-lost-weekend-a-love-story-review.html,"There’s not much Lennon music heard in this doc about his affair with May Pang, and given how much Pang trashes his wife, Yoko Ono, it’s no surprise it was withheld.",The New York Times,"name: subject, value: Documentary Films and Programs, rank: 1, major: N, name: creative_works, value: The Lost Weekend: A Love Story (Movie), rank: 2, major: N, name: persons, value: Pang, May, rank: 3, major: N, name: persons, value: Lennon, John, rank: 4, major: N, name: persons, value: Ono, Yoko, rank: 5, major: N, name: persons, value: Brandstein, Eve, rank: 6, major: N, name: persons, value: Kaufman, Richard S (Filmmaker), rank: 7, major: N, name: persons, value: Samuels, Stuart (Filmmaker), rank: 8, major: N, name: subject, value: Content Type: Personal Profile, rank: 9, major: N, name: subject, value: Pop and Rock Music, rank: 10, major: N",2023-04-13T11:00:03+0000,327,‘The Lost Weekend: A Love Story’ Review: When John Lennon Strayed,The Lost Weekend:  A Love Story,By Glenn Kenny
Your Place or Mine,"Romance, Comedy",English,United States of America,https://www.nytimes.com/2023/02/09/movies/your-place-or-mine-review.html,This humdrum Netflix romantic comedy features Reese Witherspoon and Ashton Kutcher as longtime friends with possibly hidden feelings for each other.,The New York Times,"name: subject, value: Movies, rank: 1, major: N, name: creative_works, value: Your Place or Mine (Movie), rank: 2, major: N, name: persons, value: Witherspoon, Reese, rank: 3, major: N, name: persons, value: Kutcher, Ashton, rank: 4, major: N, name: persons, value: McKenna, Aline Brosh, rank: 5, major: N",2023-02-10T00:00:05+0000,569,‘Your Place or Mine’ Review: Try Neither,They Have a Humdrum Kind of Love,By Amy Nicholson
Love in the Time of Fentanyl,Documentary,English,"Canada, United States of America",https://www.nytimes.com/2023/02/02/movies/love-in-the-time-of-fentanyl-review.html,"To combat the overdose crisis, a group that includes former and current users open a safe consumption site where shooting up does not have to mean death.",The New York Times,"name: subject, value: Documentary Films and Programs, rank: 1, major: N, name: subject, value: Fentanyl, rank: 2, major: N, name: subject, value: Drug Abuse and Traffic, rank: 3, major: N, name: subject, value: Volunteers and Community Service, rank: 4, major: N, name: creative_works, value: Love in the Time of Fentanyl (Movie), rank: 5, major: N, name: persons, value: Askey, Colin, rank: 6, major: N, name: glocations, value: Vancouver (British Columbia), rank: 7, major: N, name: organizations, value: Overdose Prevention Society, rank: 8, major: N",2023-02-02T12:00:11+0000,306,"‘Love in the Time of Fentanyl’ Review: Heartbreak, Death and Hope in Vancouver",Love in the Time Of Fentanyl,By Concepción de León
After Love,Drama,French,"Belgium, France",https://www.nytimes.com/2023/01/19/movies/after-love-review.html,"In this intelligent melodrama by the director Aleem Khan, a British woman discovers her husband has been leading a double life.",The New York Times,"name: subject, value: Movies, rank: 1, major: N, name: creative_works, value: After Love (2020) (Movie), rank: 2, major: N, name: persons, value: Khan, Aleem, rank: 3, major: N, name: persons, value: Scanlan, Joanna (1961- ), rank: 4, major: N",2023-01-19T12:00:06+0000,359,‘After Love’ Review: The Other Woman,After Love,By Beatrice Loayza
Alcarràs,Drama,Catalan,Spain,https://www.nytimes.com/2023/01/05/movies/alcarras-review.html,"In this naturalistic drama from Spain, a family confronts the impending loss of its generations-old farm.",The New York Times,"name: subject, value: Movies, rank: 1, major: N, name: persons, value: Simon, Carla, rank: 2, major: N, name: creative_works, value: Alcarras (Movie), rank: 3, major: N",2023-01-05T12:00:03+0000,306,‘Alcarràs’ Review: Labor of Love,Alcarràs,By Devika Girish
The Sound of Christmas,"TV Movie, Drama",English,United States of America,https://www.nytimes.com/2022/11/23/movies/sound-of-christmas-review.html,A young singer gets more than she bargained for when she accepts a job as a nanny for a billionaire’s children.,The New York Times,"name: subject, value: Movies, rank: 1, major: N, name: persons, value: Ne-Yo, rank: 2, major: N, name: creative_works, value: The Sound of Christmas (Movie), rank: 3, major: N, name: persons, value: Mattison, Booker T, rank: 4, major: N, name: persons, value: McNeill, Serayah, rank: 5, major: N",2022-11-23T15:00:09+0000,277,‘The Sound of Christmas’ Review: A Gospel Singer Finds Love,The Sound  Of Christmas,By Concepción de León
The Inspection,Drama,"Arabic, Spanish, English",United States of America,https://www.nytimes.com/2022/11/17/movies/the-inspection-review-boot-camp-a-love-story.html,"Elegance Bratton’s autobiographical first feature is a lyrical, wrenching look at a young Marine’s journey through basic training.",The New York Times,"name: subject, value: Movies, rank: 1, major: N, name: creative_works, value: The Inspection (Movie), rank: 2, major: N, name: persons, value: Bratton, Elegance, rank: 3, major: N",2022-11-17T12:00:07+0000,836,"‘The Inspection’ Review: Boot Camp, a Love Story","A Few Good Men, Some With Secrets",By A.O. Scott
Bones and All,"Drama, Horror, Romance",English,"Italy, United States of America",https://www.nytimes.com/2022/11/17/movies/bones-and-all-review.html,Luca Guadagnino’s latest stars Timothée Chalamet and Taylor Russell as young cannibals on the run.,The New York Times,"name: subject, value: Movies, rank: 1, major: N, name: creative_works, value: Bones and All (Movie), rank: 2, major: N, name: persons, value: Guadagnino, Luca, rank: 3, major: N, name: persons, value: Chalamet, Timothee (1995- ), rank: 4, major: N, name: persons, value: Russell, Taylor (1994- ), rank: 5, major: N",2022-11-17T12:00:06+0000,710,‘Bones and All’ Review: You Eat What You Are,"It’s Eat, Prey, Love on a Journey of Self-Discovery",By A.O. Scott
My Policeman,"Drama, Romance",English,"United Kingdom, United States of America",https://www.nytimes.com/2022/10/20/movies/my-policeman-review.html,"A schoolteacher, her police officer husband and his lover deny each other romantic satisfaction in this dismal melodrama.",The New York Times,"name: subject, value: Movies, rank: 1, major: N, name: creative_works, value: My Policeman (Movie), rank: 2, major: N, name: persons, value: Grandage, Michael, rank: 3, major: N",2022-10-20T16:52:51+0000,303,"‘My Policeman’ Review: Two Love Affairs, Equally Tragic",My Policeman,By Teo Bugbee
About Fate,"Romance, Comedy",English,United States of America,https://www.nytimes.com/2022/09/08/movies/about-fate-review.html,"Thomas Mann’s beguiling performance drives this Emma Roberts vehicle, but the romantic comedy creaks under the weight of its coincidences.",The New York Times,"name: subject, value: Movies, rank: 1, major: N, name: creative_works, value: About Fate (Movie), rank: 2, major: N, name: persons, value: Vaysberg, Marius, rank: 3, major: N, name: persons, value: Mann, Thomas (1991- ), rank: 4, major: N, name: persons, value: Roberts, Emma (1991- ), rank: 5, major: N",2022-09-09T01:00:03+0000,289,‘About Fate’ Review: Love the One You’re With?,About Fate,By Lisa Kennedy
Waiting for Bojangles,"Drama, Comedy, Romance","French, English","France, United States of America",https://www.nytimes.com/2022/09/01/movies/waiting-for-bojangles-review-endless-love.html,"Set in Paris in the 1960s, the film tells the story of two irrepressible lovers, and their young son, whose tale turns tragic.",The New York Times,"name: subject, value: Movies, rank: 1, major: N, name: persons, value: Bourdeaut, Olivier, rank: 2, major: N, name: creative_works, value: Waiting for Bojangles (Movie), rank: 3, major: N, name: persons, value: Roinsard, Regis, rank: 4, major: N",2022-09-01T11:00:06+0000,267,‘Waiting for Bojangles’ Review: Endless Love,Waiting for Bojangles,By Calum Marsh
I Love My Dad,Comedy,English,United States of America,https://www.nytimes.com/2022/08/04/movies/i-love-my-dad-review.html,This comedy is a daddy-issues movie with a queasy premise truly made for these times.,The New York Times,"name: subject, value: Movies, rank: 1, major: N, name: persons, value: Oswalt, Patton, rank: 2, major: N, name: creative_works, value: I Love My Dad (Movie), rank: 3, major: N, name: persons, value: Morosini, James, rank: 4, major: N",2022-08-04T11:00:05+0000,418,‘I Love My Dad’ Review: A Father Catfishes His Son,A Father Catfishes His Son. We Just Wait for the Ick.,By Glenn Kenny
Alone Together,"Romance, Drama",English,United States of America,https://www.nytimes.com/2022/07/21/movies/alone-together-review.html,"Katie Holmes writes, directs and stars in this minor-key rom-com set in 2020.",The New York Times,"name: subject, value: Movies, rank: 1, major: N, name: persons, value: Holmes, Katie, rank: 2, major: N, name: creative_works, value: Alone Together (Movie), rank: 3, major: N",2022-07-21T15:37:18+0000,254,‘Alone Together’ Review: Finding Love in a Pandemic Retreat,Alone Together,By Teo Bugbee
Thor: Love and Thunder,"Fantasy, Action, Comedy",English,United States of America,https://www.nytimes.com/2022/07/07/movies/thor-love-and-thunder-review.html,"The director Taika Waititi injects antic silliness, once again, into this Marvel franchise starring Chris Hemsworth, who swings a mighty hammer and flexes mightier muscles.",The New York Times,"name: subject, value: Movies, rank: 1, major: N, name: organizations, value: Marvel Studios, rank: 2, major: N, name: persons, value: Bale, Christian, rank: 3, major: N, name: persons, value: Crowe, Russell, rank: 4, major: N, name: persons, value: Hemsworth, Chris, rank: 5, major: N, name: persons, value: Waititi, Taika, rank: 6, major: N, name: persons, value: Thompson, Tessa, rank: 7, major: N, name: persons, value: Portman, Natalie, rank: 8, major: N",2022-07-07T18:26:10+0000,942,‘Thor: Love and Thunder’ Review: A God’s Comic Twilight,"He’s Still a Norse God, But Also a Big Old Goof",By Manohla Dargis
Both Sides of the Blade,"Drama, Romance",French,France,https://www.nytimes.com/2022/07/07/movies/both-sides-of-the-blade-review.html,"In the latest film from Claire Denis, Juliette Binoche plays a Parisian radio journalist in a romantic quandary.",The New York Times,"name: subject, value: Movies, rank: 1, major: N, name: persons, value: Denis, Claire, rank: 2, major: N, name: persons, value: Binoche, Juliette, rank: 3, major: N, name: persons, value: Lindon, Vincent, rank: 4, major: N, name: creative_works, value: Both Sides of the Blade (Movie), rank: 5, major: N",2022-07-07T11:00:07+0000,649,‘Both Sides of the Blade’ Review: Who Do You Love?,A Bliss Doomed To Be Doused,By A.O. Scott
Fire of Love,Documentary,"Spanish, French, English","Canada, United States of America",https://www.nytimes.com/2022/07/06/movies/fire-of-love-review.html,Sara Dosa’s new documentary chronicles the lives and deaths of the French scientists Katia and Maurice Krafft.,The New York Times,"name: subject, value: Documentary Films and Programs, rank: 1, major: N, name: subject, value: Volcanoes, rank: 2, major: N, name: creative_works, value: Fire of Love (Movie), rank: 3, major: N, name: subject, value: Content Type: Personal Profile, rank: 4, major: N, name: subject, value: Deaths (Fatalities), rank: 5, major: N, name: persons, value: Dosa, Sara, rank: 6, major: N, name: persons, value: Krafft, Maurice (1946-91), rank: 7, major: N, name: persons, value: Krafft, Katia (1942-91), rank: 8, major: N",2022-07-06T11:00:06+0000,609,‘Fire of Love’ Review: A Volcanic Romance,A Volcanic Romance Across Continents,By A.O. Scott
Stay Prayed Up,Documentary,,,https://www.nytimes.com/2022/06/16/movies/stay-prayed-up-review.html,"A new documentary about the gospel ensemble the Branchettes and its guiding light, Lena Mae Perry, is a plain-spoken tribute.",The New York Times,"name: subject, value: Documentary Films and Programs, rank: 1, major: N, name: subject, value: Gospel Music, rank: 2, major: N, name: creative_works, value: Stay Prayed Up (Movie), rank: 3, major: N, name: subject, value: Content Type: Personal Profile, rank: 4, major: N, name: persons, value: Perry, Lena Mae, rank: 5, major: N, name: organizations, value: Branchettes (Music Group), rank: 6, major: N, name: persons, value: Anderson, DL (Filmmaker), rank: 7, major: N, name: persons, value: Durning, Matthew, rank: 8, major: N",2022-06-16T11:00:08+0000,330,‘Stay Prayed Up’ Review: Spreading the Gospel of Love,Stay Prayed Up,By Glenn Kenny
Benediction,"Drama, History, War","German, English, French","United Kingdom, United States of America",https://www.nytimes.com/2022/06/02/movies/benediction-review.html,"Terence Davies’s latest film is a biography of Siegfried Sassoon, whose writing about World War I changed British literature.",The New York Times,"name: subject, value: Movies, rank: 1, major: N, name: persons, value: Davies, Terence, rank: 2, major: N, name: creative_works, value: Benediction (Movie), rank: 3, major: N, name: persons, value: Lowden, Jack (1990- ), rank: 4, major: N, name: subject, value: Poetry and Poets, rank: 5, major: N, name: persons, value: Sassoon, Siegfried, rank: 6, major: N",2022-06-02T11:00:06+0000,883,"‘Benediction’ Review: A Poet’s Life, in Love and War","A Poet’s Life, In Love and War",By A.O. Scott
Dinner in America,"Comedy, Drama, Music, Romance",English,United States of America,https://www.nytimes.com/2022/05/26/movies/dinner-in-america-review.html,A rage-fueled rock singer on the run from the police meets and falls in love with a gullible young woman eager to escape her circumstances.,The New York Times,"name: subject, value: Movies, rank: 1, major: N, name: persons, value: Rehmeier, Adam, rank: 2, major: N, name: creative_works, value: Dinner in America (Book), rank: 3, major: N",2022-05-26T11:00:04+0000,254,‘Dinner in America’ Review: A Punk-Rock Love Story,Dinner in America,By Concepción de León
In a New York Minute,Drama,English,,https://www.nytimes.com/2022/05/03/movies/in-a-new-york-minute-review.html,This drama from Ximan Li teases time in telling the stories of three Chinese women living in a city that tempts promise but delivers frustration.,The New York Times,"name: subject, value: Movies, rank: 1, major: N, name: creative_works, value: In A New York Minute (Movie), rank: 2, major: N, name: persons, value: Ximan Li, rank: 3, major: N",2022-05-03T21:05:25+0000,299,‘In a New York Minute’ Review: Love or Freedom?,In a New York Minute,By Lisa Kennedy
Anaïs in Love,"Drama, Romance, Comedy",French,France,https://www.nytimes.com/2022/04/28/movies/anais-in-love-review.html,"A restless woman discovers herself in a seductive French romance that throws out the usual dusty script about women, desire and pleasure.",The New York Times,"name: subject, value: Movies, rank: 1, major: N, name: persons, value: Bourgeois-Tacquet, Charline, rank: 2, major: N, name: creative_works, value: Anais in Love (Movie), rank: 3, major: N",2022-04-28T16:18:57+0000,842,‘Anaïs in Love’ Review: Portrait of a Woman on the Run,Portrait of a Restless Heart,By Manohla Dargis
I Love America,"Comedy, Romance",French,United States of America,https://www.nytimes.com/2022/04/28/movies/i-love-america-review.html,The determinedly uplifting comedy follows a 50-year-old French filmmaker as she dates in Los Angeles.,The New York Times,"name: subject, value: Movies, rank: 1, major: N, name: persons, value: Marceau, Sophie, rank: 2, major: N, name: creative_works, value: I Love America (Movie), rank: 3, major: N, name: persons, value: Azuelos, Lisa, rank: 4, major: N",2022-04-28T11:00:07+0000,291,‘I Love America’ Review: The Gauche Rituals of Modern Romance,I Love America,By Nicolas Rapold
Love After Love,Drama,Mandarin,China,https://www.nytimes.com/2022/03/17/movies/love-after-love-review.html,Ann Hui’s World War II-era film is lovely to look at but lacks emotional depth and resonance.,The New York Times,"name: subject, value: Movies, rank: 1, major: N, name: organizations, value: MUBI Inc, rank: 2, major: N, name: persons, value: Hui, Ann, rank: 3, major: N, name: persons, value: Peng, Eddie (1982- ), rank: 4, major: N, name: glocations, value: Hong Kong, rank: 5, major: N, name: creative_works, value: Love After Love (Movie), rank: 6, major: N",2022-03-17T11:00:12+0000,292,‘Love After Love’ Review: Elegance Without a Center,Love After Love,By Claire Shaffer
Lucy and Desi,Documentary,English,United States of America,https://www.nytimes.com/2022/03/03/movies/lucy-and-desi-review.html,"This documentary, directed by Amy Poehler and about the dynamic duo behind “I Love Lucy,” favors the good times over the difficult ones.",The New York Times,"name: subject, value: Documentary Films and Programs, rank: 1, major: N, name: persons, value: Ball, Lucille, rank: 2, major: N, name: persons, value: ARNAZ, DESI, rank: 3, major: N, name: persons, value: Poehler, Amy, rank: 4, major: N, name: creative_works, value: Lucy and Desi (Movie), rank: 5, major: N, name: subject, value: Television, rank: 6, major: N, name: subject, value: Actors and Actresses, rank: 7, major: N, name: subject, value: Content Type: Personal Profile, rank: 8, major: N",2022-03-03T16:06:54+0000,279,‘Lucy and Desi’ Review: Love in the Time of Television,Lucy and Desi,By Natalia Winkelman
"Cyrano, My Love","Comedy, History","French, Russian","Belgium, France",https://www.nytimes.com/2019/10/17/movies/cyrano-my-love-review.html,This superficial take on the writing and initial staging of “Cyrano de Bergerac” is a whirlwind of soapy declarations and backstage chaos.,The New York Times,"name: subject, value: Movies, rank: 1, major: N, name: creative_works, value: Cyrano, My Love (Movie), rank: 2, major: N, name: persons, value: Michalik, Alexis, rank: 3, major: N",2019-10-17T11:00:03+0000,291,"‘Cyrano, My Love’ Review: A Nose for Romance","Cyrano, My Love",By Jeannette Catsoulis
"Cyrano, My Love","Comedy, History","French, Russian","Belgium, France",https://www.nytimes.com/2019/10/17/movies/cyrano-my-love-review.html,This superficial take on the writing and initial staging of “Cyrano de Bergerac” is a whirlwind of soapy declarations and backstage chaos.,The New York Times,"name: subject, value: Movies, rank: 1, major: N, name: creative_works, value: Cyrano, My Love (Movie), rank: 2, major: N, name: persons, value: Michalik, Alexis, rank: 3, major: N",2019-10-17T11:00:03+0000,291,"‘Cyrano, My Love’ Review: A Nose for Romance","Cyrano, My Love",By Jeannette Catsoulis
The In Between,"Romance, Science Fiction, Drama",English,United States of America,https://www.nytimes.com/2022/02/11/movies/the-in-between-review.html,A teenage girl thinks that her dead boyfriend’s spirit is reaching out from the Great Beyond.,The New York Times,"name: persons, value: King, Joey, rank: 1, major: N, name: persons, value: Allen, Kyle (1994- ), rank: 2, major: N, name: subject, value: Movies, rank: 3, major: N, name: persons, value: Posin, Arie, rank: 4, major: N, name: creative_works, value: The In Between (Movie), rank: 5, major: N",2022-02-11T08:00:06+0000,285,‘The In Between’ Review: Love Never Dies,The In Between,By Lena Wilson
The Pink Cloud,"Drama, Science Fiction",Portuguese,Brazil,https://www.nytimes.com/2022/01/13/movies/the-pink-cloud-review.html,Iuli Gerbase’s first feature film reflects a funhouse-mirror image of our present lives.,The New York Times,"name: subject, value: Movies, rank: 1, major: N, name: creative_works, value: The Pink Cloud (Movie), rank: 2, major: N, name: persons, value: Gerbase, Iuli, rank: 3, major: N",2022-01-13T12:00:05+0000,316,‘The Pink Cloud’ Review: Love in Lockdown,The Pink Cloud,By Claire Shaffer
A Journal for Jordan,"Drama, Romance",English,"Canada, United States of America",https://www.nytimes.com/2021/12/23/movies/a-journal-for-jordan-review.html,The actors Michael B. Jordan and Chanté Adams bring a compelling chemistry to the screen as opposites who fall for each other.,The New York Times,"name: subject, value: Movies, rank: 1, major: N, name: creative_works, value: A Journal for Jordan (Movie), rank: 2, major: N, name: persons, value: Washington, Denzel, rank: 3, major: N, name: persons, value: Jordan, Michael B, rank: 4, major: N, name: persons, value: Adams, Chante, rank: 5, major: N, name: subject, value: Books and Literature, rank: 6, major: N, name: creative_works, value: A Journal for Jordan: A Story of Love and Honor (Book), rank: 7, major: N, name: persons, value: Canedy, Dana, rank: 8, major: N, name: subject, value: Black People, rank: 9, major: N, name: subject, value: Blacks, rank: 10, major: N",2021-12-23T18:54:12+0000,505,‘A Journal for Jordan’ Review: Reflections on Love Built and Lost,Reflections on Love That’s Built and Lost,By Lisa Kennedy
West Side Story,"Drama, Romance, Crime","English, Spanish",United States of America,https://www.nytimes.com/2021/12/08/movies/west-side-story-review.html,"Steven Spielberg rediscovers the breathing, troubling essence of a classic, building a bold and current screen musical with no pretense to perfection.",The New York Times,"name: subject, value: Movies, rank: 1, major: N, name: subject, value: Theater, rank: 2, major: N, name: persons, value: Alvarez, David (1994- ), rank: 3, major: N, name: persons, value: Bernstein, Leonard, rank: 4, major: N, name: persons, value: DeBose, Ariana, rank: 5, major: N, name: persons, value: Kushner, Tony, rank: 6, major: N, name: persons, value: Laurents, Arthur, rank: 7, major: N, name: persons, value: Peck, Justin, rank: 8, major: N, name: persons, value: Robbins, Jerome, rank: 9, major: N, name: persons, value: Sondheim, Stephen, rank: 10, major: N, name: persons, value: Spielberg, Steven, rank: 11, major: N, name: persons, value: Tesori, Jeanine, rank: 12, major: N, name: glocations, value: New York City, rank: 13, major: N, name: creative_works, value: West Side Story (2021) (Movie), rank: 14, major: N",2021-12-08T14:55:30+0000,1316,"‘West Side Story’ Review: In Love and War, 1957 Might Be Tonight","Meeting a Girl Named Maria, Again",By A.O. Scott
Love Hard,"Comedy, Romance",English,United States of America,https://www.nytimes.com/2021/11/05/movies/love-hard-review.html,"When a perennially single journalist travels across the country to meet her dream guy, she finds she’s been catfished.",The New York Times,"name: subject, value: Movies, rank: 1, major: N, name: creative_works, value: Love Hard (Movie), rank: 2, major: N, name: persons, value: Jimenez, Hernan, rank: 3, major: N",2021-11-05T07:01:03+0000,343,"‘Love Hard’ Review: Seeking Connection, Not Perfection",Love Hard,By Concepción de León
Bergman Island,"Drama, Romance","German, English, Swedish","Belgium, France, Germany, Mexico, Sweden",https://www.nytimes.com/2021/10/14/movies/bergman-island-review.html,"In Mia Hansen-Love’s new film, Vicky Krieps and Tim Roth play filmmakers on the rocks in the Baltic Sea.",The New York Times,"name: subject, value: Movies, rank: 1, major: N, name: persons, value: Bergman, Ingmar, rank: 2, major: N, name: persons, value: Roth, Tim, rank: 3, major: N, name: persons, value: Wasikowska, Mia, rank: 4, major: N, name: persons, value: Hansen-Love, Mia, rank: 5, major: N, name: creative_works, value: Bergman Island (Movie), rank: 6, major: N, name: persons, value: Krieps, Vicky, rank: 7, major: N",2021-10-14T16:00:06+0000,888,‘Bergman Island’ Review: Love Among the Cinephiles,Scenes From Not Quite a Marriage,By A.O. Scott
Hard Luck Love Song,"Romance, Music, Drama, Thriller","English, Spanish",United States of America,https://www.nytimes.com/2021/10/14/movies/hard-luck-love-song-review.html,"Drawn from the plotline of a Todd Snider song, the film follows a pool shark and an escort, taking twists that are both violent and silly.",The New York Times,"name: subject, value: Movies, rank: 1, major: N, name: persons, value: Dorman, Michael (1981- ), rank: 2, major: N, name: creative_works, value: Hard Luck Love Song (Movie), rank: 3, major: N, name: persons, value: Bush, Sophia (1982- ), rank: 4, major: N",2021-10-14T12:27:03+0000,320,‘Hard Luck Love Song’ Review: A Glossy Take on a Gritty Tune,Hard Luck Love Song,By Glenn Kenny
South of Heaven,"Crime, Drama, Thriller",English,"United Kingdom, United States of America",https://www.nytimes.com/2021/10/07/movies/south-of-heaven-review.html,Jason Sudeikis plays a paroled felon who vows to give his dying lover the best year of her life.,The New York Times,"name: subject, value: Movies, rank: 1, major: N, name: persons, value: Sudeikis, Jason, rank: 2, major: N, name: persons, value: Lilly, Evangeline (1979- ), rank: 3, major: N, name: persons, value: Keshales, Aharon, rank: 4, major: N, name: creative_works, value: South of Heaven (Movie), rank: 5, major: N",2021-10-07T17:17:19+0000,323,‘South of Heaven’ Review: Anything for Love,South of Heaven,By Amy Nicholson
Wife of a Spy,"Drama, War, Thriller","English, Japanese",Japan,https://www.nytimes.com/2021/09/16/movies/wife-of-a-spy-review-trust-or-fear-in-love-and-war.html,"In this latest work by Kiyoshi Kurosawa, a Japanese couple’s relationship is shaped by the forces of churning nationalism that surround it.",The New York Times,"name: subject, value: Movies, rank: 1, major: N, name: persons, value: Kurosawa, Kiyoshi, rank: 2, major: N, name: creative_works, value: Wife of a Spy (Movie), rank: 3, major: N",2021-09-16T11:00:07+0000,448,‘Wife of a Spy’ Review: Trust or Fear in Love and War?,Marriage Amid Nationalism,By Glenn Kenny
Annette,"Drama, Romance","English, French","Belgium, France, Germany, Greece, Japan, Mexico, Switzerland",https://www.nytimes.com/2021/08/05/movies/annette-review.html,"Adam Driver and Marion Cotillard are star-crossed lovers in this hallucinatory musical, written by Sparks and directed by Leos Carax.",The New York Times,"name: subject, value: Movies, rank: 1, major: N, name: persons, value: Carax, Leos, rank: 2, major: N, name: persons, value: Cotillard, Marion, rank: 3, major: N, name: persons, value: Driver, Adam, rank: 4, major: N, name: persons, value: Mael, Ron, rank: 5, major: N, name: persons, value: Mael, Russell, rank: 6, major: N, name: creative_works, value: Annette (Movie), rank: 7, major: N, name: organizations, value: Sparks (Music Group), rank: 8, major: N",2021-08-05T11:00:07+0000,1069,‘Annette’ Review: Love Hurts,A Star Is Born. You Won’t Like Him.,By A.O. Scott
Resort to Love,"Romance, Comedy",English,United States of America,https://www.nytimes.com/2021/07/29/movies/resort-to-love-review.html,"In this romantic comedy, a woman reeling from a failed engagement and a flailing career escapes to a glamorous island resort.",The New York Times,"name: subject, value: Movies, rank: 1, major: N, name: persons, value: Milian, Christina, rank: 2, major: N, name: creative_works, value: Resort to Love (Movie), rank: 3, major: N, name: persons, value: Tsuchida, Steven, rank: 4, major: N",2021-07-29T11:00:07+0000,310,‘Resort to Love’ Review: A Struggling Singer in Paradise,"Her Ex Returns, With His Bride-to-Be",By Concepción de León
"Casanova, Last Love","Drama, Romance","English, French, German, Italian","Belgium, France, United States of America",https://www.nytimes.com/2021/07/14/movies/casanova-last-love-review-reappraising-a-philanderer.html,Benoît Jacquot’s erotic costume drama envisions the Italian playboy as a weathered sad sack living in exile.,The New York Times,"name: subject, value: Movies, rank: 1, major: N, name: persons, value: Jacquot, Benoit, rank: 2, major: N, name: creative_works, value: Casanova, Last Love (Movie), rank: 3, major: N",2021-07-14T22:12:43+0000,312,"‘Casanova, Last Love’ Review: Reappraising a Philanderer","Casanova, Last Love",By Beatrice Loayza
Running Against the Wind,Drama,Amharic,"Ethiopia, Germany",https://www.nytimes.com/2021/07/08/movies/running-against-the-wind-review.html,Two childhood best friends reunite in this unfocused yet uplifting sports drama by the filmmaker Jan Philipp Weyl.,The New York Times,"name: subject, value: Movies, rank: 1, major: N, name: creative_works, value: Running Against the Wind (Movie), rank: 2, major: N, name: persons, value: Weyl, Jan Philipp, rank: 3, major: N",2021-07-08T11:00:05+0000,342,‘Running Against the Wind’ Review: Love and Friendship in Addis Ababa,Running Against the Wind,By Beatrice Loayza
Undine,"Fantasy, Drama, Romance","English, German, Spanish","France, Germany",https://www.nytimes.com/2021/06/03/movies/undine-review.html,"Paula Beer and Franz Rogowski, who made an impression in 2019’s “Transit,” are reunited by the director Christian Petzold for this adaptation of a European myth.",The New York Times,"name: subject, value: Movies, rank: 1, major: N, name: persons, value: Petzold, Christian, rank: 2, major: N, name: persons, value: Rogowski, Franz, rank: 3, major: N, name: creative_works, value: Undine (Movie), rank: 4, major: N, name: persons, value: Beer, Paula (1995- ), rank: 5, major: N",2021-06-03T11:00:08+0000,535,‘Undine’ Review: Love In and Out of the Water,She’s Like a Sprite Out of Water,By Glenn Kenny
Ride or Die,"Drama, Romance, Thriller","English, Japanese",Japan,https://www.nytimes.com/2021/04/15/movies/ride-or-die-review.html,"After upending her life, a woman runs away with her longtime crush in this puzzling Japanese drama.",The New York Times,"name: subject, value: Movies, rank: 1, major: N, name: creative_works, value: Ride or Die (Movie), rank: 2, major: N, name: persons, value: Hiroki, Ryuichi, rank: 3, major: N",2021-04-15T11:00:03+0000,338,‘Ride or Die’ Review: Killing for Love,This Is Somehow a Love That’s Worth Killing For,By Natalia Winkelman
To All the Boys: Always and Forever,"Romance, Comedy, Drama","English, Korean",United States of America,https://www.nytimes.com/2021/02/11/movies/to-all-the-boys-always-and-forever-review.html,"This final installment of the Netflix rom-com trilogy is earnest, bright-eyed and without a hint of cynicism.",The New York Times,"name: subject, value: Movies, rank: 1, major: N, name: persons, value: Condor, Lana, rank: 2, major: N, name: persons, value: Fimognari, Michael, rank: 3, major: N, name: persons, value: Centineo, Noah, rank: 4, major: N, name: creative_works, value: To All the Boys: Always and Forever (Movie), rank: 5, major: N",2021-02-12T02:00:03+0000,482,‘To All the Boys: Always and Forever’ Review: Love Sweet Love,A Rom-Com Sequel That May Cause Cavities,By Maya Phillips
Young Hearts,"Romance, Comedy",English,United States of America,https://www.nytimes.com/2021/02/11/movies/young-hearts-review.html,"The brother and sister filmmakers Sarah Sherman and Zachary Ray Sherman deliver romance, unadorned.",The New York Times,"name: subject, value: Movies, rank: 1, major: N, name: creative_works, value: Young Hearts (Movie), rank: 2, major: N, name: persons, value: Sherman, Sarah (Film Director), rank: 3, major: N, name: persons, value: Sherman, Zachary Ray (1984- ), rank: 4, major: N",2021-02-11T12:00:06+0000,324,‘Young Hearts’ Review: Movie Love by Algorithm,Young Hearts,By Kristen Yoonsoo Kim
Little Fish,"Romance, Science Fiction, Drama",English,"Canada, United States of America",https://www.nytimes.com/2021/02/04/movies/little-fish-review.html,This sci-fi romance imagines a world with widespread memory loss through the eyes of one couple.,The New York Times,"name: subject, value: Movies, rank: 1, major: N, name: creative_works, value: Little Fish (Movie), rank: 2, major: N, name: persons, value: Hartigan, Chad, rank: 3, major: N",2021-02-04T12:00:06+0000,315,‘Little Fish’ Review: Do You Remember Love?,Little Fish,By Kristen Yoonsoo Kim
Your Name Engraved Herein,"Romance, Drama","Mandarin, English","Taiwan, United States of America",https://www.nytimes.com/2020/12/24/movies/review-your-name-engraved-herein.html,The filmmaker Patrick Liu keeps the focus on the two young men in this Taiwanese drama and blurs the rest.,The New York Times,"name: subject, value: Movies, rank: 1, major: N, name: glocations, value: Taiwan, rank: 2, major: N, name: persons, value: Liu, Patrick (Filmmaker), rank: 3, major: N, name: creative_works, value: Your Name Engraved Herein (Movie), rank: 4, major: N",2020-12-24T12:00:06+0000,295,‘Your Name Engraved Herein’ Review: When Love Is All You Can See,Your Name Engraved Herein,By Teo Bugbee
Museum Town,Documentary,English,United States of America,https://www.nytimes.com/2020/12/17/movies/museum-town-review.html,This documentary looks at how a contemporary art museum in Western Massachusetts transformed a struggling small town.,The New York Times,"name: subject, value: Documentary Films and Programs, rank: 1, major: N, name: subject, value: Art, rank: 2, major: N, name: creative_works, value: Museum Town (Movie), rank: 3, major: N, name: persons, value: Trainer, Jennifer, rank: 4, major: N, name: organizations, value: Massachusetts Museum of Contemporary Art, rank: 5, major: N, name: subject, value: Museums, rank: 6, major: N, name: glocations, value: North Adams (Mass), rank: 7, major: N",2020-12-17T15:49:52+0000,280,‘Museum Town’ Review: A Love Letter to Mass MoCA,Museum Town,By Lovia Gyarkye
Wild Mountain Thyme,"Romance, Drama",English,"Ireland, United Kingdom",https://www.nytimes.com/2020/12/10/movies/wild-mountain-thyme-review.html,John Patrick Shanley adapts his play “Outside Mullingar” into a movie. (Don’t worry about the accents.),The New York Times,"name: subject, value: Movies, rank: 1, major: N, name: persons, value: Shanley, John Patrick, rank: 2, major: N, name: persons, value: Blunt, Emily, rank: 3, major: N, name: persons, value: Dornan, Jamie, rank: 4, major: N, name: creative_works, value: Outside Mullingar (Play), rank: 5, major: N, name: creative_works, value: Wild Mountain Thyme (Movie), rank: 6, major: N",2020-12-10T12:00:04+0000,341,‘Wild Mountain Thyme’ Review: Finding Love Down on the Farm,Wild Mountain Thyme,By Glenn Kenny
My Psychedelic Love Story,Documentary,English,United States of America,https://www.nytimes.com/2020/11/26/movies/my-psychedelic-love-story-review.html,"This Errol Morris documentary explores the relationship between the LSD guru and Joanna Harcourt-Smith, a woman who likened herself to Mata Hari.",The New York Times,"name: subject, value: Documentary Films and Programs, rank: 1, major: N, name: creative_works, value: My Psychedelic Love Story (Movie), rank: 2, major: N, name: persons, value: Harcourt-Smith, Joanna (1946-2020), rank: 3, major: N, name: persons, value: Morris, Errol, rank: 4, major: N, name: subject, value: LSD (Lysergic Acid Diethylamide), rank: 5, major: N, name: subject, value: Content Type: Personal Profile, rank: 6, major: N",2020-11-26T12:00:05+0000,599,‘My Psychedelic Love Story’ Review: On the Run With Timothy Leary,Acid and Romance: On the Run With Timothy Leary,By Glenn Kenny
69: The Saga of Danny Hernandez,"Music, Documentary",English,United States of America,https://www.nytimes.com/2020/11/17/movies/69-saga-of-danny-hernadez-review.html,The rise and fall of the provocative rapper Tekashi69 is chronicled in this Hulu documentary.,The New York Times,"name: subject, value: Documentary Films and Programs, rank: 1, major: N, name: subject, value: Rap and Hip-Hop, rank: 2, major: N, name: persons, value: Gandhi, Vikram, rank: 3, major: N, name: persons, value: 6ix9ine (Rapper), rank: 4, major: N, name: creative_works, value: 69: The Saga of Danny Hernandez (Movie), rank: 5, major: N",2020-11-17T19:07:20+0000,363,‘69: The Saga of Danny Hernandez’ Review: A SoundCloud-Rap Rat,"Loved in Hip-Hop, but Loathed in the End",By Calum Marsh
Ammonite,"Romance, Drama",English,United Kingdom,https://www.nytimes.com/2020/11/12/movies/ammonite-review.html,Kate Winslet’s fossil hunter and Saoirse Ronan’s convalescent embark on a forbidden seaside romance.,The New York Times,"name: subject, value: Movies, rank: 1, major: N, name: persons, value: Ronan, Saoirse, rank: 2, major: N, name: persons, value: Winslet, Kate, rank: 3, major: N, name: persons, value: Lee, Francis (1969- ), rank: 4, major: N, name: creative_works, value: Ammonite (Movie), rank: 5, major: N",2020-11-12T12:00:04+0000,510,‘Ammonite’ Review: Love on the Rocks,Love on the Rocks,By Jeannette Catsoulis
Love and Monsters,"Comedy, Action, Adventure, Fantasy",English,United States of America,https://www.nytimes.com/2020/10/15/movies/love-and-monsters-review.html,The new sci-fi adventure from Michael Matthews lacks the self-seriousness of typical dystopian flicks but doesn’t completely lack depth.,The New York Times,"name: persons, value: Matthews, Michael (Film Director), rank: 1, major: N, name: subject, value: Movies, rank: 2, major: N, name: creative_works, value: Love and Monsters (Movie), rank: 3, major: N",2020-10-15T11:00:07+0000,284,‘Love and Monsters’ Review: Coming-of-Age After the Apocalypse,Love and Monsters,By Lovia Gyarkye
Dick Johnson Is Dead,Documentary,English,United States of America,https://www.nytimes.com/2020/10/01/movies/dick-johnson-is-dead-review.html,"With the help of her father, the documentary filmmaker Kirsten Johnson made a surprising, endearing movie about his death.",The New York Times,"name: creative_works, value: Dick Johnson Is Dead (Movie), rank: 1, major: N, name: subject, value: Documentary Films and Programs, rank: 2, major: N, name: persons, value: Johnson, Kirsten (1965- ), rank: 3, major: N, name: creative_works, value: Cameraperson (Movie), rank: 4, major: N, name: subject, value: Death and Dying, rank: 5, major: N",2020-10-01T11:00:08+0000,816,"‘Dick Johnson Is Dead’ Review: A Father’s Painful, Funny Goodbye",A Love Letter Delivered Along With a Death Notice,By Manohla Dargis
"Love, Guaranteed","Romance, Comedy",English,United States of America,https://www.nytimes.com/2020/09/03/movies/love-guaranteed-review-swiping-left-on-online-dating.html,Rachael Leigh Cook stars in this rom-com about a lawyer and her charming new client who wants to sue a dating website for falsely promising love.,The New York Times,"name: subject, value: Movies, rank: 1, major: N, name: persons, value: Cook, Rachael Leigh, rank: 2, major: N, name: persons, value: Wayans, Damon Jr, rank: 3, major: N, name: persons, value: Johnson, Mark Steven, rank: 4, major: N, name: creative_works, value: Love, Guaranteed (Movie), rank: 5, major: N",2020-09-03T07:01:05+0000,343,"‘Love, Guaranteed’ Review: Swiping Left on Online Dating","Love, Guaranteed",By Natalia Winkelman
Feel the Beat,"Comedy, Music, Drama","English, Turkish","Canada, United States of America",https://www.nytimes.com/2020/06/19/movies/feel-the-beat-review.html,A prickly professional dancer becomes a reluctant instructor for a preteen dance troupe in this formulaic dramedy.,The New York Times,"name: subject, value: Movies, rank: 1, major: N, name: persons, value: Carson, Sofia (1993- ), rank: 2, major: N, name: persons, value: Down, Elissa (1975- ), rank: 3, major: N, name: creative_works, value: Feel the Beat (Movie), rank: 4, major: N",2020-06-19T07:01:02+0000,253,‘Feel the Beat’ Review: Tough Love in the Dance Studio,A Young Troupe Needs Some Ballet Tough Love,By Natalia Winkelman
Babyteeth,"Drama, Comedy, Romance",English,Australia,https://www.nytimes.com/2020/06/18/movies/babyteeth-review.html,"Eliza Scanlen plays a seriously ill high schooler who falls for the wrong guy who turns out to have the right stuff, after all.",The New York Times,"name: subject, value: Movies, rank: 1, major: N, name: creative_works, value: Babyteeth (Movie), rank: 2, major: N, name: persons, value: Murphy, Shannon (Film Director), rank: 3, major: N, name: persons, value: Scanlen, Eliza, rank: 4, major: N, name: persons, value: Wallace, Toby (1996- ), rank: 5, major: N",2020-06-18T16:31:36+0000,517,"‘Babyteeth’ Review: Love Means Never Having, Well, You Know","Love Means Never Having, Well, You Know",By Manohla Dargis
Spelling the Dream,Documentary,English,United States of America,https://www.nytimes.com/2020/06/03/movies/spelling-the-dream-review.html,"This Netflix documentary explores the unbroken Indian-American dominance of the U.S. national spelling bee, to less than winning results.",The New York Times,"name: subject, value: Documentary Films and Programs, rank: 1, major: N, name: subject, value: Scripps National Spelling Bee, rank: 2, major: N, name: persons, value: Rega, Sam, rank: 3, major: N, name: creative_works, value: Spelling the Dream (Movie), rank: 4, major: N, name: subject, value: Spelling, rank: 5, major: N, name: organizations, value: Netflix Inc, rank: 6, major: N",2020-06-03T12:44:10+0000,296,‘Spelling the Dream’ Review: Words of Inspiration,Love of Language Spells Success,By Bilal Qureshi
Love Wedding Repeat,"Comedy, Romance","English, Italian","United Kingdom, Italy",https://www.nytimes.com/2020/04/10/movies/love-wedding-repeat-review-a-tumble-down-the-aisle.html,A couple’s reception becomes a disaster (or does it?) in this comedy of multiple errors.,The New York Times,"name: subject, value: Movies, rank: 1, major: N, name: creative_works, value: Love Wedding Repeat (Movie), rank: 2, major: N, name: persons, value: Craig, Dean (1974- ), rank: 3, major: N, name: persons, value: Claflin, Sam, rank: 4, major: N, name: persons, value: Munn, Olivia, rank: 5, major: N",2020-04-10T07:01:05+0000,414,‘Love Wedding Repeat’ Review: A Tumble Down the Aisle,Pratfalling Down The Aisle,By Amy Nicholson
Hope Gap,Drama,English,"United Kingdom, United States of America",https://www.nytimes.com/2020/03/05/movies/hope-gap-review-a-thin-line-between-love-and-war.html,Annette Bening and Bill Nighy play a couple that has lost its way after 29 years of marriage.,The New York Times,"name: subject, value: Movies, rank: 1, major: N, name: persons, value: Bening, Annette, rank: 2, major: N, name: persons, value: Nighy, Bill, rank: 3, major: N, name: persons, value: Nicholson, William (1948- ), rank: 4, major: N, name: creative_works, value: Hope Gap (Movie), rank: 5, major: N",2020-03-05T12:00:03+0000,257,‘Hope Gap’ Review: A Thin Line Between Love and War,Hope Gap,By Aisha Harris
All the Bright Places,"Romance, Drama",English,United States of America,https://www.nytimes.com/2020/02/28/movies/all-the-bright-places-review.html,Elle Fanning and Justice Smith breathe life into a film about mental illness and the healing power of love.,The New York Times,"name: subject, value: Movies, rank: 1, major: N, name: creative_works, value: All the Bright Places (Movie), rank: 2, major: N, name: persons, value: Haley, Brett, rank: 3, major: N, name: persons, value: Fanning, Elle, rank: 4, major: N, name: persons, value: Smith, Justice (1995- ), rank: 5, major: N, name: organizations, value: Netflix Inc, rank: 6, major: N",2020-02-28T08:01:07+0000,233,‘All the Bright Places’ Review: Love Amid Trauma,A Refreshing Exploration of Mental Illness,By Candice Frederick
The Photograph,"Drama, Romance",English,"Canada, United States of America",https://www.nytimes.com/2020/02/13/movies/the-photograph-review.html,Issa Rae and a terrific Lakeith Stanfield play a New York couple whose romance sends them and the story into the past.,The New York Times,"name: subject, value: Movies, rank: 1, major: N, name: creative_works, value: The Photograph (Movie), rank: 2, major: N, name: persons, value: Meghie, Stella, rank: 3, major: N, name: persons, value: Rae, Issa, rank: 4, major: N, name: persons, value: Stanfield, Lakeith, rank: 5, major: N",2020-02-13T20:54:33+0000,862,‘The Photograph’ Review: An Unabashedly Old-School Love Story,An Unabashedly Old-School Love Story,By Manohla Dargis
Ordinary Love,"Drama, Romance",English,"Ireland, United Kingdom",https://www.nytimes.com/2020/02/12/movies/ordinary-love-review.html,Lesley Manville and Liam Neeson play a married couple facing a cancer diagnosis.,The New York Times,"name: subject, value: Movies, rank: 1, major: N, name: creative_works, value: Ordinary Love (Movie), rank: 2, major: N, name: persons, value: Neeson, Liam, rank: 3, major: N, name: persons, value: Manville, Lesley, rank: 4, major: N, name: persons, value: DSa, Lisa Barros, rank: 5, major: N, name: persons, value: Leyburn, Glenn, rank: 6, major: N",2020-02-12T19:46:45+0000,569,‘Ordinary Love’ Review: In Sickness and in Health,Old-Sweater Lives,By A.O. Scott
To All the Boys: P.S. I Still Love You,"Romance, Comedy",English,United States of America,https://www.nytimes.com/2020/02/11/movies/to-all-the-boys-ps-i-still-love-you-review.html,The second installment in Netflix’s ’80s-style teen romance trilogy asks the question John Hughes left unanswered.,The New York Times,"name: subject, value: Movies, rank: 1, major: N, name: persons, value: Condor, Lana, rank: 2, major: N, name: persons, value: Centineo, Noah, rank: 3, major: N, name: creative_works, value: To All the Boys: PS I Still Love You (Movie), rank: 4, major: N, name: persons, value: Fimognari, Michael, rank: 5, major: N",2020-02-11T18:33:41+0000,654,"‘To All the Boys: P.S. I Still Love You’ Review: Bliss, for Now","Follow Your Bliss While It Lasts, Kids",By Amy Nicholson
The Woman Who Loves Giraffes,Documentary,,"Canada, South Africa, United States of America",https://www.nytimes.com/2020/01/09/movies/the-woman-who-loves-giraffes-review.html,"This warm documentary uses one woman’s singular passion to fuel a tale of zoological discovery, blatant sexism and environmental alarm.",The New York Times,"name: subject, value: Documentary Films and Programs, rank: 1, major: N, name: subject, value: Giraffes, rank: 2, major: N, name: creative_works, value: The Woman Who Loves Giraffes (Movie), rank: 3, major: N, name: persons, value: Dagg, Anne Innis, rank: 4, major: N, name: persons, value: Reid, Alison (Filmmaker), rank: 5, major: N",2020-01-09T12:00:04+0000,279,‘The Woman Who Loves Giraffes’ Review: Crackers for Animals,A Special Spot  In Her Heart,By Jeannette Catsoulis
Marriage Story,Drama,English,United Kingdom,https://www.nytimes.com/2019/11/05/movies/marriage-story-review.html,"Adam Driver and Scarlett Johansson self-consciously uncouple in Noah Baumbach’s tender, stinging tale of divorce.",The New York Times,"name: subject, value: Movies, rank: 1, major: N, name: persons, value: Baumbach, Noah, rank: 2, major: N, name: creative_works, value: Marriage Story (Movie), rank: 3, major: N, name: persons, value: Driver, Adam, rank: 4, major: N, name: persons, value: Johansson, Scarlett, rank: 5, major: N, name: persons, value: ALDA, ALAN, rank: 6, major: N, name: persons, value: Dern, Laura, rank: 7, major: N, name: persons, value: Liotta, Ray, rank: 8, major: N",2019-11-05T19:01:02+0000,1244,‘Marriage Story’ Review: Dance Me to the End of Love,"Friendly Split, Shattering Break",By A.O. Scott
Loro,Drama,Italian,"France, Italy",https://www.nytimes.com/2019/09/19/movies/loro-review.html,Toni Servillo plays the former Italian Prime Minister Silvio Berlusconi in Paolo Sorrentino’s extravagant portrait.,The New York Times,"name: subject, value: Movies, rank: 1, major: N, name: creative_works, value: Loro (Movie), rank: 2, major: N, name: persons, value: Servillo, Toni, rank: 3, major: N, name: persons, value: Sorrentino, Paolo, rank: 4, major: N, name: persons, value: Berlusconi, Silvio, rank: 5, major: N, name: glocations, value: Italy, rank: 6, major: N",2019-09-19T17:27:07+0000,820,"‘Loro’ Review: A Corrupt Leader, and the People Who Love Him",Corruption and Charisma Personified,By A.O. Scott
Falling Inn Love,"Romance, Comedy",English,United States of America,https://www.nytimes.com/2019/08/29/movies/falling-inn-love-review.html,"It’s hard to find a reliable, talented, reasonably priced, eco-friendly contractor these days.",The New York Times,"name: subject, value: Movies, rank: 1, major: N, name: organizations, value: Netflix Inc, rank: 2, major: N, name: persons, value: Kumble, Roger, rank: 3, major: N, name: persons, value: Milian, Christina, rank: 4, major: N, name: persons, value: Demos, Adam, rank: 5, major: N, name: creative_works, value: Falling Inn Love (Movie), rank: 6, major: N",2019-08-29T14:56:44+0000,374,‘Falling Inn Love’ Review: A Prize That Needs Some Work,A Fine Romance to Watch While Sorting Socks,By Helen T. Verongos
Hot Air,,Portuguese,,https://www.nytimes.com/2019/08/22/movies/hot-air-review.html,Steve Coogan stars in this cumbersome political comedy.,The New York Times,"name: subject, value: Movies, rank: 1, major: N, name: persons, value: Coogan, Steve, rank: 2, major: N, name: persons, value: Coraci, Frank, rank: 3, major: N, name: creative_works, value: Hot Air (Movie), rank: 4, major: N, name: persons, value: Campbell, Neve, rank: 5, major: N",2019-08-22T15:50:09+0000,266,‘Hot Air’ Review: A Right-Wing Radio Host Learns to Love Again,Hot Air,By Bilge Ebiri
"Love, Antosha",Documentary,"English, Russian",United States of America,https://www.nytimes.com/2019/08/08/movies/love-anthosa-review.html,"Anton Yelchin, who played Chekov in the J.J. Abrams-produced “Star Trek” films, assembled an eclectic filmography before his death at 27 in 2016.",The New York Times,"name: subject, value: Documentary Films and Programs, rank: 1, major: N, name: creative_works, value: Love, Antosha (Movie), rank: 2, major: N, name: persons, value: Price, Garret, rank: 3, major: N, name: persons, value: Yelchin, Anton, rank: 4, major: N",2019-08-08T09:00:10+0000,319,"‘Love, Antosha’ Review: A Heartbreaking Look at an Actor’s Too-Short Life","Love, Antosha",By Glenn Kenny
Leto,"Music, Drama",Russian,"France, Russia",https://www.nytimes.com/2019/06/06/movies/leto-review.html,Kirill Serebrennikov’s gentle mood piece brings an underground music scene to vivid life.,The New York Times,"name: subject, value: Music, rank: 1, major: N, name: creative_works, value: Leto (Movie), rank: 2, major: N, name: persons, value: Serebrennikov, Kirill S, rank: 3, major: N",2019-06-06T11:00:02+0000,283,‘Leto’ Review: Love and Rock in Leningrad,Leto,By Jeannette Catsoulis
The Tomorrow Man,"Drama, Romance",English,United States of America,https://www.nytimes.com/2019/05/21/movies/the-tomorrow-man-review.html,Blythe Danner and John Lithgow strain to elevate this twee late-life romance.,The New York Times,"name: subject, value: Movies, rank: 1, major: N, name: creative_works, value: The Tomorrow Man (Movie), rank: 2, major: N, name: persons, value: Danner, Blythe, rank: 3, major: N, name: persons, value: Lithgow, John, rank: 4, major: N, name: persons, value: Jones, Noble, rank: 5, major: N",2019-05-21T11:00:01+0000,280,‘The Tomorrow Man’ Review: Love Among the Neuroses,"They Whirl, They Twirl, They Tango",By Jeannette Catsoulis
Asako I & II,"Drama, Romance","Japanese, English",Japan,https://www.nytimes.com/2019/05/16/movies/asako-i-and-ii-review.html,The Japanese director Ryusuke Hamaguchi follows up his marathon “Happy Hour” with a story of love among young urbanites.,The New York Times,"name: subject, value: Movies, rank: 1, major: N, name: creative_works, value: Asako I & II (Movie), rank: 2, major: N, name: persons, value: Hamaguchi, Ryusuke, rank: 3, major: N",2019-05-16T11:00:01+0000,547,‘Asako I & II’ Review: Double the Love (and the Heartbreak),Falling For a Drifter And His Lookalike,By Glenn Kenny
The Sun Is Also a Star,"Romance, Drama",English,United States of America,https://www.nytimes.com/2019/05/15/movies/the-sun-is-also-a-star-review.html,"Yara Shahidi and Charles Melton play teenagers falling in love on a hectic, sunny day in New York.",The New York Times,"name: subject, value: Movies, rank: 1, major: N, name: creative_works, value: The Sun Is also a Star (Movie), rank: 2, major: N, name: persons, value: Russo-Young, Ry, rank: 3, major: N, name: persons, value: Shahidi, Yara (2000- ), rank: 4, major: N, name: persons, value: Yoon, Nicola (Author), rank: 5, major: N, name: persons, value: Melton, Charles (1991- ), rank: 6, major: N",2019-05-15T16:01:27+0000,697,"‘The Sun Is Also a Star’ Review: A Charming, if Generic, Adolescent Love Story",A Beautiful Day for Young Hearts,By A.O. Scott
Shéhérazade,"Drama, Thriller, Romance",French,France,https://www.nytimes.com/2019/05/10/movies/sheherazade-review.html,The options are few and most of them involve risk or further deprivation for these French teenagers who face the world with little support.,The New York Times,"name: subject, value: Movies, rank: 1, major: N, name: organizations, value: Netflix Inc, rank: 2, major: N, name: creative_works, value: Sheherazade (Movie), rank: 3, major: N, name: persons, value: Marlin, Jean-Bernard, rank: 4, major: N",2019-05-10T11:00:01+0000,350,‘Shéhérazade’ Review: Love in the Mean Streets of Marseille,None,By Helen T. Verongos
Long Shot,"Comedy, Romance","French, English, Swedish",United States of America,https://www.nytimes.com/2019/05/02/movies/long-shot-review.html,The improbably yet perfectly paired stars play old friends who unexpectedly find love in this charming (and a bit vulgar) romantic comedy.,The New York Times,"name: subject, value: Movies, rank: 1, major: N, name: subject, value: Comedy and Humor, rank: 2, major: N, name: persons, value: Odenkirk, Bob, rank: 3, major: N, name: persons, value: Rogen, Seth, rank: 4, major: N, name: persons, value: Theron, Charlize, rank: 5, major: N, name: creative_works, value: Long Shot (Movie), rank: 6, major: N, name: persons, value: Levine, Jonathan A (1976- ), rank: 7, major: N",2019-05-02T17:43:25+0000,1025,‘Long Shot’ Review: Charlize Theron and Seth Rogen Give Good Heart,Beating the Odds for Love and Bliss,By Manohla Dargis
Kalank,"Drama, Romance",Hindi,India,https://www.nytimes.com/2019/04/19/movies/kalank-review.html,Abhishek Varman’s maximalist melodrama delivers spectacle (some of it mind-numbing) but fails to tell a gripping story.,The New York Times,"name: subject, value: Movies, rank: 1, major: N, name: creative_works, value: Kalank (Movie), rank: 2, major: N, name: persons, value: Varman, Abhishek, rank: 3, major: N",2019-04-19T15:38:08+0000,479,‘Kalank’ Review: A Bollywood Love Story in the Shadow of Partition,An Extravagant Spectacle,By Rachel Saltz
Rafiki,"Drama, Romance","Swahili, English","Kenya, South Africa",https://www.nytimes.com/2019/04/18/movies/rafiki-review.html,The story of a romance between two Kenyan women was shown at Cannes after being banned in Kenya.,The New York Times,"name: subject, value: Movies, rank: 1, major: N, name: persons, value: Kahiu, Wanuri, rank: 2, major: N, name: creative_works, value: Rafiki (Movie), rank: 3, major: N, name: persons, value: Mugatsia, Samantha, rank: 4, major: N, name: persons, value: Munyiva, Sheila, rank: 5, major: N",2019-04-18T11:00:06+0000,251,"‘Rafiki’ Review: Falling in Love, Illegally",Rafiki,By Ben Kenigsberg
Five Feet Apart,"Romance, Drama","English, Spanish, French",United States of America,https://www.nytimes.com/2019/03/14/movies/five-feet-apart-review.html,Haley Lu Richardson and Cole Sprouse navigate the rules of attraction and of a hospital in this film about living with cystic fibrosis.,The New York Times,"name: subject, value: Movies, rank: 1, major: N, name: creative_works, value: Five Feet Apart (Movie), rank: 2, major: N, name: persons, value: Baldoni, Justin, rank: 3, major: N",2019-03-14T13:00:07+0000,258,‘Five Feet Apart’ Review: Ailing Teenagers Live Dangerously for Love,Five Feet Apart,By Ben Kenigsberg
Ash Is Purest White,"Crime, Romance, Drama",Mandarin,"France, Japan, China",https://www.nytimes.com/2019/03/13/movies/ash-is-purest-white-review.html,"In Jia Zhangke’s enthralling new feature, Zhao Tao and Liao Fan portray an underworld power couple at the mercy of time and fate.",The New York Times,"name: subject, value: Movies, rank: 1, major: N, name: persons, value: Jia Zhang Ke, rank: 2, major: N, name: persons, value: Liao Fan (1974- ), rank: 3, major: N, name: persons, value: Zhao Tao (1977- ), rank: 4, major: N, name: creative_works, value: Ash Is Purest White (Movie), rank: 5, major: N",2019-03-13T15:44:46+0000,911,‘Ash Is Purest White’ Review: Love Smolders and Crime Pays in a Changing China,"Gangsters’ Paradise Lost, in China",By A.O. Scott
Gloria Bell,"Drama, Romance",English,"Chile, United States of America",https://www.nytimes.com/2019/03/07/movies/gloria-bell-review.html,The Chilean writer-director Sebastián Lelio finds a perfect partner in Moore for this fantastic remake of his 2013 movie “Gloria.”,The New York Times,"name: subject, value: Movies, rank: 1, major: N, name: creative_works, value: Gloria Bell (Movie), rank: 2, major: N, name: persons, value: Moore, Julianne, rank: 3, major: N, name: persons, value: Turturro, John, rank: 4, major: N, name: persons, value: Lelio, Sebastian, rank: 5, major: N",2019-03-07T18:49:47+0000,991,‘Gloria Bell’ Review: Love Is in the Air for a Transcendent Julianne Moore,"Love, and Some Laughter, Is in the Air",By Manohla Dargis
Black Mother,Documentary,English,"Jamaica, United States of America",https://www.nytimes.com/2019/03/06/movies/black-mother-review.html,"In Khalik Allah’s poetic movie, the most prevalent perspective is not that of a documentarian, but of a filmmaker’s love.",The New York Times,"name: subject, value: Documentary Films and Programs, rank: 1, major: N, name: persons, value: Allah, Khalik (1985- ), rank: 2, major: N, name: creative_works, value: Black Mother (Movie), rank: 3, major: N",2019-03-06T18:30:16+0000,380,‘Black Mother’ Review: Exploring the Roots of Life Itself,"Exploring the Roots of Life Itself, With Love",By Glenn Kenny
The Hole in the Ground,Horror,English,"United Kingdom, Finland, Ireland",https://www.nytimes.com/2019/02/28/movies/the-hole-in-the-ground-review.html,"Something strange is going on in the Irish countryside, and it’s not just the giant roiling pit of dirt.",The New York Times,"name: subject, value: Movies, rank: 1, major: N, name: creative_works, value: The Hole in the Ground (Movie), rank: 2, major: N, name: persons, value: Cronin, Lee (Film Director), rank: 3, major: N",2019-02-28T12:00:09+0000,291,‘The Hole in the Ground’ Review: A Horror Film Is Suffocated by a Mother’s Love,The Hole  in the Ground,By Teo Bugbee
How to Train Your Dragon: The Hidden World,"Animation, Family, Adventure",English,United States of America,https://www.nytimes.com/2019/02/20/movies/how-to-train-your-dragon-hidden-world-review.html,The third in this franchise concerns the exigencies that poor Hiccup must face as the leader of Berk.,The New York Times,"name: subject, value: Movies, rank: 1, major: N, name: persons, value: DeBlois, Dean, rank: 2, major: N, name: persons, value: Baruchel, Jay, rank: 3, major: N, name: persons, value: ABRAHAM, F MURRAY, rank: 4, major: N, name: persons, value: Ferrera, America, rank: 5, major: N, name: creative_works, value: How to Train Your Dragon: The Hidden World (Movie), rank: 6, major: N",2019-02-21T00:02:36+0000,531,‘How to Train Your Dragon: The Hidden World’ Review: A Series Scales Up,Love Takes Wing Amid Trouble in Utopia,By Ben Kenigsberg
Sorry Angel,"Comedy, Drama, Romance","Spanish, French",France,https://www.nytimes.com/2019/02/12/movies/sorry-angel-review.html,"Set in early 1990s Paris, Christophe Honoré’s new film presents us with a middle-aged, H.I.V.-stricken writer falling, wearily, for a bookish 20-something.",The New York Times,"name: subject, value: Movies, rank: 1, major: N, name: creative_works, value: Sorry Angel (Movie), rank: 2, major: N, name: persons, value: Honore, Christophe, rank: 3, major: N",2019-02-12T21:46:52+0000,491,"‘Sorry Angel’ Review: A Love Affair Two Men Start, Knowing the End",Attraction: That’s the Easy Part,By Glenn Kenny
"Berlin, I Love You",Drama,"English, German","Germany, United States of America",https://www.nytimes.com/2019/02/07/movies/berlin-i-love-you-review.html,"The once-divided nature of Berlin isn’t given much consideration in this film, part of the Cities of Love series.",The New York Times,"name: subject, value: Movies, rank: 1, major: N, name: creative_works, value: Berlin, I Love You (Movie), rank: 2, major: N, name: persons, value: Agron, Dianna, rank: 3, major: N, name: persons, value: Knightley, Keira, rank: 4, major: N, name: persons, value: Luna, Diego, rank: 5, major: N, name: persons, value: Mirren, Helen, rank: 6, major: N, name: persons, value: Rourke, Mickey, rank: 7, major: N, name: persons, value: Wilson, Luke, rank: 8, major: N",2019-02-07T12:00:01+0000,227,"‘Berlin, I Love You’ Review: Many Stories, Not Much Feeling","Berlin, I Love You",By Glenn Kenny
Untogether,"Comedy, Drama",English,United States of America,https://www.nytimes.com/2019/02/07/movies/untogether-review.html,Jemima Kirke and Lola Kirke play damaged siblings in this exasperatingly affected romantic drama from Emma Forrest.,The New York Times,"name: subject, value: Movies, rank: 1, major: N, name: persons, value: Dornan, Jamie, rank: 2, major: N, name: persons, value: Kirke, Jemima, rank: 3, major: N, name: persons, value: Kirke, Lola, rank: 4, major: N, name: creative_works, value: Untogether (Movie), rank: 5, major: N, name: persons, value: Forrest, Emma, rank: 6, major: N",2019-02-07T12:00:01+0000,269,"‘Untogether’ Review: Adrift in Los Angeles, Looking for Love",Untogether,By Jeannette Catsoulis
Cold War,"Drama, Romance, War, Music","German, Croatian, French, Italian, Polish, Russian","France, Poland, United Kingdom",https://www.nytimes.com/2018/12/20/movies/cold-war-review.html,"In post-World War II Poland, a singer and a piano player find each other, fall in love and soon end up on opposite sides of history.",The New York Times,"name: subject, value: Movies, rank: 1, major: N, name: creative_works, value: Cold War (Movie), rank: 2, major: N, name: persons, value: Pawlikowski, Pawel, rank: 3, major: N, name: persons, value: Kot, Tomasz, rank: 4, major: N, name: persons, value: Kulesza, Agata, rank: 5, major: N, name: persons, value: Szyc, Borys, rank: 6, major: N, name: persons, value: Kulig, Joanna, rank: 7, major: N",2018-12-20T17:09:56+0000,981,‘Cold War’ Review: Love Without Borders,A Resonating Love Shall Guide You,By Manohla Dargis
If Beale Street Could Talk,"Romance, Drama",English,United States of America,https://www.nytimes.com/2018/12/12/movies/if-beale-street-could-talk-review.html,"The couple in this adaptation of James Baldwin’s novel are loving while black, an existential truth that is turned into a nightmare.",The New York Times,"name: subject, value: Movies, rank: 1, major: N, name: creative_works, value: If Beale Street Could Talk (Movie), rank: 2, major: N, name: persons, value: Jenkins, Barry, rank: 3, major: N, name: persons, value: Baldwin, James (1924-87), rank: 4, major: N, name: persons, value: James, Stephan (1993- ), rank: 5, major: N, name: persons, value: Layne, KiKi, rank: 6, major: N, name: persons, value: Wittrock, Finn, rank: 7, major: N",2018-12-12T21:30:02+0000,1057,‘If Beale Street Could Talk’ Review: Trusting Love in a World Ruled by Hate,Love Is Forced to Live in a Nightmare,By Manohla Dargis
Asher,"Thriller, Action, Drama",English,United States of America,https://www.nytimes.com/2018/12/06/movies/asher-review.html,Ron Perlman and Famke Janssen star in this film that finds a hired killer dealing with his own mortality.,The New York Times,"name: subject, value: Movies, rank: 1, major: N, name: creative_works, value: Asher (Movie), rank: 2, major: N, name: persons, value: Caton-Jones, Michael, rank: 3, major: N, name: persons, value: Perlman, Ron, rank: 4, major: N, name: persons, value: Janssen, Famke, rank: 5, major: N",2018-12-06T12:00:04+0000,259,‘Asher’ Review: An Aging Hit Man Finds Love,Asher,By Glenn Kenny
Sicilian Ghost Story,"Mystery, Drama, Fantasy",Italian,"France, Italy, Switzerland",https://www.nytimes.com/2018/11/29/movies/sicilian-ghost-story-review.html,"Flipping from bucolic to brutal with distressing ease, this beautifully realized movie views a Mafia kidnapping through the prism of first love.",The New York Times,"name: subject, value: Movies, rank: 1, major: N, name: creative_works, value: Sicilian Ghost Story (Movie), rank: 2, major: N, name: persons, value: Grassadonia, Fabio, rank: 3, major: N, name: persons, value: Piazza, Antonio, rank: 4, major: N",2018-11-29T12:00:06+0000,258,‘Sicilian Ghost Story’ Review: Fairy-Tale Love Meets Real-Life Crime,Love in an Enchanted Forest Turns Eerie,By Jeannette Catsoulis
The New Romantic,"Drama, Comedy",English,Canada,https://www.nytimes.com/2018/11/08/movies/the-new-romantic-review.html,A college newspaper columnist writes about her experiences trading gifts for sex in a film that squanders its good will.,The New York Times,"name: subject, value: Movies, rank: 1, major: N, name: creative_works, value: The New Romantic (Movie), rank: 2, major: N, name: persons, value: Barden, Jessica (1992- ), rank: 3, major: N, name: persons, value: Stone, Carly (Film Director), rank: 4, major: N",2018-11-08T12:05:01+0000,269,‘The New Romantic’ Review: Experiments With Love and Money,The New Romantic,By Teo Bugbee
In a Relationship,"Drama, Comedy, Romance",English,"Mexico, United States of America",https://www.nytimes.com/2018/11/08/movies/in-a-relationship-review.html,"Sam Boyd’s gentle, loose-limbed romantic comedy wins no prizes for originality.",The New York Times,"name: subject, value: Movies, rank: 1, major: N, name: persons, value: Roberts, Emma (1991- ), rank: 2, major: N, name: persons, value: ANGARANO, MICHAEL, rank: 3, major: N, name: persons, value: Hemingway, Dree (1987- ), rank: 4, major: N, name: creative_works, value: In a Relationship (Movie), rank: 5, major: N, name: persons, value: Boyd, Sam (Film Director), rank: 6, major: N",2018-11-08T12:00:01+0000,253,‘In a Relationship’ Review: Two Couples at Opposite Stages of Love,In a Relationship,By Jeannette Catsoulis
How to Talk to Girls at Parties,"Comedy, Music, Romance, Science Fiction",English,"United Kingdom, United States of America",https://www.nytimes.com/2018/05/24/movies/how-to-talk-to-girls-at-parties-review.html,John Cameron Mitchell’s loony romantic comedy encourages young love to bloom in the soil of an alien visitation.,The New York Times,"name: subject, value: Movies, rank: 1, major: N, name: creative_works, value: How to Talk to Girls at Parties (Movie), rank: 2, major: N, name: persons, value: Mitchell, John Cameron, rank: 3, major: N, name: persons, value: Fanning, Elle, rank: 4, major: N, name: persons, value: Sharp, Alexander, rank: 5, major: N",2018-05-24T11:00:01+0000,458,Review: An Alien Teaches a Teenage Punk ‘How to Talk to Girls at Parties’,Otherworldly Love in a Punk-Rock World,By Jeannette Catsoulis
Godard Mon Amour,"Drama, Romance, Comedy","Czech, French, English, Italian","Myanmar, France",https://www.nytimes.com/2018/04/18/movies/godard-mon-amour-review.html,A portrait of a filmmaker in crisis that might have worked better as a comedy sketch.,The New York Times,"name: subject, value: Movies, rank: 1, major: N, name: creative_works, value: Godard Mon Amour (Movie), rank: 2, major: N, name: persons, value: Hazanavicius, Michel, rank: 3, major: N, name: persons, value: Godard, Jean-Luc, rank: 4, major: N, name: persons, value: Wiazemsky, Anne, rank: 5, major: N, name: persons, value: Garrel, Louis, rank: 6, major: N",2018-04-18T23:02:46+0000,937,"Review: If You Love Godard, You’ll Hate-Watch ‘Godard Mon Amour’","A Portrait and, for Some, a Hate-Watch",By A.O. Scott
Outside In,Drama,English,United States of America,https://www.nytimes.com/2018/03/29/movies/outside-in-review-jay-duplass-edie-falco.html,Edie Falco and Jay Duplass connect romantically in this life-after-prison drama that prioritizes patience and pragmatism over passion.,The New York Times,"name: subject, value: Movies, rank: 1, major: N, name: creative_works, value: Outside In (Movie), rank: 2, major: N, name: persons, value: Shelton, Lynn, rank: 3, major: N, name: persons, value: Duplass, Jay, rank: 4, major: N, name: persons, value: Falco, Edie, rank: 5, major: N, name: persons, value: Dever, Kaitlyn, rank: 6, major: N",2018-03-29T11:00:01+0000,422,Review: On Parole and in Love in ‘Outside In’,On Parole and in Love,By Jeannette Catsoulis
Lover for a Day,"Drama, Romance",French,France,https://www.nytimes.com/2018/01/11/movies/lover-for-a-day-review-philippe-garrel.html,"In Philippe Garrel’s drama, a 23-year-old woman moves in with her father and his 23-year-old girlfriend. Complications ensue.",The New York Times,"name: subject, value: Movies, rank: 1, major: N, name: creative_works, value: Lover for a Day (Movie), rank: 2, major: N, name: persons, value: Garrel, Philippe, rank: 3, major: N",2018-01-11T16:20:53+0000,863,Review: A Man and a Woman (and Another Woman) in ‘Lover for a Day’,A Love Triangle With Angles That Are Awkward,By Manohla Dargis
The Mountain Between Us,"Drama, Adventure, Romance",English,United States of America,https://www.nytimes.com/2017/10/05/movies/the-mountain-between-us-review-kate-winslet-idris-elba.html,Idris Elba and Kate Winslet crash into a mountain — and each other — in this drama.,The New York Times,"name: subject, value: Movies, rank: 1, major: N, name: creative_works, value: The Mountain Between Us (Movie), rank: 2, major: N, name: persons, value: ABU-ASSAD, HANY, rank: 3, major: N, name: persons, value: Elba, Idris, rank: 4, major: N, name: persons, value: Winslet, Kate, rank: 5, major: N",2017-10-05T11:00:05+0000,272,Review: Love in a Cold Climate in ‘The Mountain Between Us’,The Mountain Between Us,By Jeannette Catsoulis
In Search of Fellini,"Drama, Adventure",English,,https://www.nytimes.com/2017/09/14/movies/in-search-of-fellini-review.html,A sheltered young woman enamored of the films of the famous director sets off to Italy to meet him.,The New York Times,"name: subject, value: Movies, rank: 1, major: N, name: creative_works, value: In Search of Fellini (Movie), rank: 2, major: N, name: persons, value: Cartwright, Nancy, rank: 3, major: N, name: persons, value: Solo, Ksenia, rank: 4, major: N, name: persons, value: Lexton, Taron, rank: 5, major: N",2017-09-14T11:00:24+0000,272,Review: Love of Il Maestro Drives ‘In Search of Fellini’,In Search of Fellini,By Monica Castillo
The Last Face,Drama,"English, Portuguese",United States of America,https://www.nytimes.com/2017/07/27/movies/the-last-face-review-charlize-theron-sean-penn.html,"In war-torn Liberia, Charlize Theron and Javier Bardem face a big problem: how to keep their knotty relationship from fizzling.",The New York Times,"name: subject, value: Movies, rank: 1, major: N, name: creative_works, value: The Last Face (Movie), rank: 2, major: N, name: persons, value: Penn, Sean, rank: 3, major: N, name: persons, value: Bardem, Javier, rank: 4, major: N, name: persons, value: Theron, Charlize, rank: 5, major: N",2017-07-27T20:29:01+0000,280,Review: Aid Workers in Love and War in Sean Penn’s ‘The Last Face’,The Last Face,By Glenn Kenny
Lost in Paris,Comedy,French,"Belgium, France",https://www.nytimes.com/2017/06/15/movies/lost-in-paris-review.html,"The filmmakers Fiona Gordon and Dominique Abel star in their fourth movie, a tale infused with physical comedy about a woman in search of her aunt.",The New York Times,"name: creative_works, value: Lost in Paris (Movie), rank: 1, major: N, name: subject, value: Movies, rank: 2, major: N, name: persons, value: Abel, Dominique, rank: 3, major: N, name: persons, value: Gordon, Fiona, rank: 4, major: N, name: persons, value: Riva, Emmanuelle, rank: 5, major: N",2017-06-15T19:37:09+0000,254,Review: Finding Love (and Slapstick) While ‘Lost in Paris’,Lost in Paris,By Ben Kenigsberg
The Other Half,"Drama, Romance",English,Canada,https://www.nytimes.com/2017/03/09/movies/the-other-half-review-tatiana-maslany.html,This moody romance stars Tatiana Maslany (“Orphan Black”) as a bipolar painter in love with a brooding cabby (Tom Cullen of “Downton Abbey”).,The New York Times,"name: subject, value: Movies, rank: 1, major: N, name: creative_works, value: The Other Half (Movie), rank: 2, major: N, name: persons, value: Maslany, Tatiana, rank: 3, major: N, name: persons, value: Cullen, Tom (1985- ), rank: 4, major: N, name: persons, value: Klein, Joey (Film Director), rank: 5, major: N",2017-03-09T21:54:58+0000,251,Review: A Combustible Pair Find Love in ‘The Other Half’,Review: A Combustible Pair Find Love in ‘The Other Half’,By Andy Webster
The Ottoman Lieutenant,"Romance, Drama, War","Turkish, English","Turkey, United States of America",https://www.nytimes.com/2017/03/09/movies/review-the-ottoman-lieutenant.html,A nurse travels to the Ottoman Empire on the eve of World War I. Can romance blossom amid earthshaking events?,The New York Times,"name: subject, value: Movies, rank: 1, major: N, name: creative_works, value: The Ottoman Lieutenant (Movie), rank: 2, major: N, name: persons, value: Ruben, Joseph, rank: 3, major: N, name: persons, value: Hartnett, Josh, rank: 4, major: N, name: persons, value: Stockwell, Jeff (1958- ), rank: 5, major: N, name: persons, value: Hilmar, Hera, rank: 6, major: N, name: persons, value: Huisman, Michiel, rank: 7, major: N",2017-03-09T21:53:12+0000,267,"Review: Love as the World Wars, in ‘The Ottoman Lieutenant’","Review: Love as the World Wars, in ‘The Ottoman Lieutenant’",By Neil Genzlinger
